<?xml version="1.0" encoding="UTF-8"?>
<schemalist>
  <schema id="org.gnome.shell.extensions.modular-settings-panel" path="/org/gnome/shell/extensions/modular-settings-panel/">
    <key name="show-indicator" type="b">
      <default>true</default>
      <summary>Show the panel indicator</summary>
    </key>
    <key name="keyboard-enabled" type="b">
      <default>true</default>
      <summary>Enable the keyboard toggle</summary>
    </key>
    <key name="quicksettings-enabled" type="b">
      <default>true</default>
      <summary>Enable the quick settings toggle</summary>
    </key>
    <key name="rotation-enabled" type="b">
      <default>true</default>
      <summary>Enable the rotation toggle</summary>
    </key>
  </schema>
</schemalist>